,Accuracy,Precision,Recall,F1-Score,Support
Decision Tree,0.6381538461538462,0.6381538461538462,0.6381538461538462,0.6381538461538462,0.6381538461538462
Random Forest,0.7181538461538461,0.7181538461538461,0.7181538461538461,0.7181538461538461,0.7181538461538461
Balanced Random Forest,0.6750769230769231,0.6750769230769231,0.6750769230769231,0.6750769230769231,0.6750769230769231
Gradient Boosting Classifier,0.6270769230769231,0.6270769230769231,0.6270769230769231,0.6270769230769231,0.6270769230769231
